,dtw_knn,random_forest,cnn
0,63.33333333333333,76.66666666666667,73.33333333333333
1,68.75,62.5,71.875
2,38.70967741935484,70.96774193548387,70.96774193548387
3,83.33333333333334,80.0,76.66666666666667
4,78.57142857142857,75.0,85.71428571428571
5,75.0,71.42857142857143,82.14285714285714
6,82.14285714285714,71.42857142857143,89.28571428571429
7,88.0,88.0,88.0
8,75.0,78.57142857142857,82.14285714285714
