class,accuracy
0,0.7333333333333333
1,0.71875
2,0.7096774193548387
3,0.7666666666666667
4,0.8571428571428571
5,0.8214285714285714
6,0.8928571428571429
7,0.88
8,0.8214285714285714
