class,accuracy
0,0.7666666666666667
1,0.625
2,0.7096774193548387
3,0.8
4,0.75
5,0.7142857142857143
6,0.7142857142857143
7,0.88
8,0.7857142857142857
